Inventory_ID,Product_ID,Warehouse,Stock_Quantity,Reorder_Level,Last_Updated
I30001,P20001,Bengaluru WH,35,38,2025-12-31
I30002,P20002,Bengaluru WH,15,53,2025-12-31
I30003,P20003,Hyderabad WH,205,49,2025-12-31
I30004,P20004,Hyderabad WH,493,119,2025-12-31
I30005,P20005,Bengaluru WH,161,98,2025-12-31
I30006,P20006,Mumbai WH,368,56,2025-12-31
I30007,P20007,Mumbai WH,407,121,2025-12-31
I30008,P20008,Mumbai WH,199,130,2025-12-31
I30009,P20009,Mumbai WH,474,69,2025-12-31
I30010,P20010,Bengaluru WH,422,100,2025-12-31
I30011,P20011,Chennai WH,447,112,2025-12-31
I30012,P20012,Chennai WH,204,83,2025-12-31
I30013,P20013,Mumbai WH,156,115,2025-12-31
I30014,P20014,Hyderabad WH,414,111,2025-12-31
I30015,P20015,Bengaluru WH,318,44,2025-12-31
I30016,P20016,Chennai WH,298,126,2025-12-31
I30017,P20017,Bengaluru WH,18,132,2025-12-31
I30018,P20018,Hyderabad WH,498,80,2025-12-31
I30019,P20019,Bengaluru WH,137,98,2025-12-31
I30020,P20020,Hyderabad WH,55,69,2025-12-31
I30021,P20021,Hyderabad WH,187,130,2025-12-31
I30022,P20022,Delhi WH,42,98,2025-12-31
I30023,P20023,Hyderabad WH,303,130,2025-12-31
I30024,P20024,Delhi WH,295,72,2025-12-31
I30025,P20025,Hyderabad WH,289,93,2025-12-31
I30026,P20026,Hyderabad WH,365,36,2025-12-31
I30027,P20027,Bengaluru WH,112,31,2025-12-31
I30028,P20028,Delhi WH,368,59,2025-12-31
I30029,P20029,Chennai WH,490,142,2025-12-31
I30030,P20030,Chennai WH,128,104,2025-12-31
I30031,P20031,Bengaluru WH,274,81,2025-12-31
I30032,P20032,Chennai WH,256,130,2025-12-31
I30033,P20033,Chennai WH,375,132,2025-12-31
I30034,P20034,Hyderabad WH,87,62,2025-12-31
I30035,P20035,Mumbai WH,408,38,2025-12-31
I30036,P20036,Mumbai WH,451,40,2025-12-31
I30037,P20037,Chennai WH,215,105,2025-12-31
I30038,P20038,Bengaluru WH,358,39,2025-12-31
I30039,P20039,Bengaluru WH,339,145,2025-12-31
I30040,P20040,Delhi WH,480,83,2025-12-31
I30041,P20041,Bengaluru WH,283,104,2025-12-31
I30042,P20042,Bengaluru WH,106,126,2025-12-31
I30043,P20043,Hyderabad WH,300,150,2025-12-31
I30044,P20044,Hyderabad WH,482,49,2025-12-31
I30045,P20045,Chennai WH,23,34,2025-12-31
I30046,P20046,Bengaluru WH,231,140,2025-12-31
I30047,P20047,Mumbai WH,43,53,2025-12-31
I30048,P20048,Bengaluru WH,385,61,2025-12-31
I30049,P20049,Bengaluru WH,406,147,2025-12-31
I30050,P20050,Chennai WH,480,60,2025-12-31
I30051,P20051,Mumbai WH,499,135,2025-12-31
I30052,P20052,Chennai WH,77,73,2025-12-31
I30053,P20053,Bengaluru WH,317,107,2025-12-31
I30054,P20054,Mumbai WH,142,48,2025-12-31
I30055,P20055,Bengaluru WH,415,135,2025-12-31
I30056,P20056,Chennai WH,214,53,2025-12-31
I30057,P20057,Chennai WH,3,147,2025-12-31
I30058,P20058,Hyderabad WH,211,125,2025-12-31
I30059,P20059,Mumbai WH,381,41,2025-12-31
I30060,P20060,Hyderabad WH,286,79,2025-12-31
I30061,P20061,Mumbai WH,314,114,2025-12-31
I30062,P20062,Delhi WH,198,144,2025-12-31
I30063,P20063,Mumbai WH,0,129,2025-12-31
I30064,P20064,Bengaluru WH,324,54,2025-12-31
I30065,P20065,Mumbai WH,13,80,2025-12-31
I30066,P20066,Hyderabad WH,221,146,2025-12-31
I30067,P20067,Chennai WH,485,43,2025-12-31
I30068,P20068,Chennai WH,278,101,2025-12-31
I30069,P20069,Mumbai WH,454,58,2025-12-31
I30070,P20070,Delhi WH,107,54,2025-12-31
I30071,P20071,Chennai WH,486,116,2025-12-31
I30072,P20072,Chennai WH,369,88,2025-12-31
I30073,P20073,Chennai WH,117,129,2025-12-31
I30074,P20074,Delhi WH,399,86,2025-12-31
I30075,P20075,Hyderabad WH,392,141,2025-12-31
I30076,P20076,Mumbai WH,486,41,2025-12-31
I30077,P20077,Delhi WH,118,79,2025-12-31
I30078,P20078,Mumbai WH,237,41,2025-12-31
I30079,P20079,Bengaluru WH,353,111,2025-12-31
I30080,P20080,Mumbai WH,253,129,2025-12-31
I30081,P20081,Chennai WH,414,77,2025-12-31
I30082,P20082,Delhi WH,444,79,2025-12-31
I30083,P20083,Delhi WH,44,48,2025-12-31
I30084,P20084,Hyderabad WH,125,141,2025-12-31
I30085,P20085,Bengaluru WH,134,82,2025-12-31
I30086,P20086,Hyderabad WH,312,64,2025-12-31
I30087,P20087,Hyderabad WH,498,142,2025-12-31
I30088,P20088,Bengaluru WH,63,56,2025-12-31
I30089,P20089,Chennai WH,257,96,2025-12-31
I30090,P20090,Delhi WH,5,106,2025-12-31
I30091,P20091,Mumbai WH,363,131,2025-12-31
I30092,P20092,Bengaluru WH,316,80,2025-12-31
I30093,P20093,Hyderabad WH,417,134,2025-12-31
I30094,P20094,Mumbai WH,16,48,2025-12-31
I30095,P20095,Bengaluru WH,281,72,2025-12-31
I30096,P20096,Bengaluru WH,331,64,2025-12-31
I30097,P20097,Chennai WH,403,44,2025-12-31
I30098,P20098,Chennai WH,40,45,2025-12-31
I30099,P20099,Delhi WH,441,128,2025-12-31
I30100,P20100,Delhi WH,365,98,2025-12-31
I30101,P20101,Mumbai WH,354,100,2025-12-31
I30102,P20102,Delhi WH,354,114,2025-12-31
I30103,P20103,Bengaluru WH,309,70,2025-12-31
I30104,P20104,Bengaluru WH,412,83,2025-12-31
I30105,P20105,Bengaluru WH,303,94,2025-12-31
I30106,P20106,Bengaluru WH,485,118,2025-12-31
I30107,P20107,Chennai WH,350,59,2025-12-31
I30108,P20108,Bengaluru WH,231,48,2025-12-31
I30109,P20109,Bengaluru WH,460,117,2025-12-31
I30110,P20110,Bengaluru WH,89,75,2025-12-31
I30111,P20111,Hyderabad WH,149,89,2025-12-31
I30112,P20112,Mumbai WH,71,108,2025-12-31
I30113,P20113,Mumbai WH,359,128,2025-12-31
I30114,P20114,Bengaluru WH,454,53,2025-12-31
I30115,P20115,Bengaluru WH,388,65,2025-12-31
I30116,P20116,Mumbai WH,307,78,2025-12-31
I30117,P20117,Delhi WH,256,88,2025-12-31
I30118,P20118,Hyderabad WH,44,43,2025-12-31
I30119,P20119,Hyderabad WH,373,115,2025-12-31
I30120,P20120,Delhi WH,39,68,2025-12-31
I30121,P20121,Bengaluru WH,191,37,2025-12-31
I30122,P20122,Mumbai WH,10,77,2025-12-31
I30123,P20123,Hyderabad WH,381,147,2025-12-31
I30124,P20124,Delhi WH,435,109,2025-12-31
I30125,P20125,Delhi WH,351,139,2025-12-31
I30126,P20126,Chennai WH,134,110,2025-12-31
I30127,P20127,Delhi WH,178,98,2025-12-31
I30128,P20128,Chennai WH,220,70,2025-12-31
I30129,P20129,Chennai WH,221,64,2025-12-31
I30130,P20130,Hyderabad WH,404,93,2025-12-31
I30131,P20131,Bengaluru WH,38,82,2025-12-31
I30132,P20132,Bengaluru WH,495,83,2025-12-31
I30133,P20133,Delhi WH,43,66,2025-12-31
I30134,P20134,Mumbai WH,490,81,2025-12-31
I30135,P20135,Mumbai WH,312,47,2025-12-31
I30136,P20136,Chennai WH,296,50,2025-12-31
I30137,P20137,Delhi WH,294,71,2025-12-31
I30138,P20138,Delhi WH,147,94,2025-12-31
I30139,P20139,Bengaluru WH,21,110,2025-12-31
I30140,P20140,Mumbai WH,156,37,2025-12-31
I30141,P20141,Hyderabad WH,301,122,2025-12-31
I30142,P20142,Delhi WH,451,113,2025-12-31
I30143,P20143,Delhi WH,2,142,2025-12-31
I30144,P20144,Bengaluru WH,200,143,2025-12-31
I30145,P20145,Hyderabad WH,388,130,2025-12-31
I30146,P20146,Hyderabad WH,311,68,2025-12-31
I30147,P20147,Hyderabad WH,322,90,2025-12-31
I30148,P20148,Hyderabad WH,344,89,2025-12-31
I30149,P20149,Mumbai WH,415,98,2025-12-31
I30150,P20150,Chennai WH,96,88,2025-12-31
I30151,P20151,Hyderabad WH,465,39,2025-12-31
I30152,P20152,Chennai WH,108,92,2025-12-31
I30153,P20153,Chennai WH,227,99,2025-12-31
I30154,P20154,Bengaluru WH,241,36,2025-12-31
I30155,P20155,Hyderabad WH,296,64,2025-12-31
I30156,P20156,Mumbai WH,28,120,2025-12-31
I30157,P20157,Bengaluru WH,358,71,2025-12-31
I30158,P20158,Bengaluru WH,366,114,2025-12-31
I30159,P20159,Chennai WH,108,117,2025-12-31
I30160,P20160,Delhi WH,449,58,2025-12-31
I30161,P20161,Mumbai WH,10,56,2025-12-31
I30162,P20162,Hyderabad WH,442,67,2025-12-31
I30163,P20163,Hyderabad WH,94,31,2025-12-31
I30164,P20164,Mumbai WH,131,54,2025-12-31
I30165,P20165,Hyderabad WH,92,95,2025-12-31
I30166,P20166,Delhi WH,53,67,2025-12-31
I30167,P20167,Delhi WH,241,88,2025-12-31
I30168,P20168,Hyderabad WH,376,111,2025-12-31
I30169,P20169,Bengaluru WH,194,135,2025-12-31
I30170,P20170,Hyderabad WH,257,36,2025-12-31
I30171,P20171,Hyderabad WH,491,78,2025-12-31
I30172,P20172,Mumbai WH,355,97,2025-12-31
I30173,P20173,Delhi WH,333,137,2025-12-31
I30174,P20174,Bengaluru WH,303,133,2025-12-31
I30175,P20175,Mumbai WH,500,70,2025-12-31
I30176,P20176,Mumbai WH,67,103,2025-12-31
I30177,P20177,Bengaluru WH,299,80,2025-12-31
I30178,P20178,Bengaluru WH,189,134,2025-12-31
I30179,P20179,Mumbai WH,127,121,2025-12-31
I30180,P20180,Hyderabad WH,349,123,2025-12-31
I30181,P20181,Bengaluru WH,338,53,2025-12-31
I30182,P20182,Chennai WH,18,65,2025-12-31
I30183,P20183,Bengaluru WH,171,109,2025-12-31
I30184,P20184,Mumbai WH,414,126,2025-12-31
I30185,P20185,Chennai WH,61,39,2025-12-31
I30186,P20186,Mumbai WH,398,141,2025-12-31
I30187,P20187,Delhi WH,412,50,2025-12-31
I30188,P20188,Delhi WH,66,56,2025-12-31
I30189,P20189,Hyderabad WH,210,84,2025-12-31
I30190,P20190,Bengaluru WH,341,114,2025-12-31
I30191,P20191,Mumbai WH,174,120,2025-12-31
I30192,P20192,Chennai WH,339,125,2025-12-31
I30193,P20193,Bengaluru WH,380,34,2025-12-31
I30194,P20194,Hyderabad WH,6,146,2025-12-31
I30195,P20195,Mumbai WH,451,128,2025-12-31
I30196,P20196,Mumbai WH,384,115,2025-12-31
I30197,P20197,Delhi WH,232,88,2025-12-31
I30198,P20198,Hyderabad WH,198,65,2025-12-31
I30199,P20199,Mumbai WH,21,103,2025-12-31
I30200,P20200,Delhi WH,228,63,2025-12-31
I30201,P20201,Delhi WH,312,81,2025-12-31
I30202,P20202,Chennai WH,349,147,2025-12-31
I30203,P20203,Hyderabad WH,124,35,2025-12-31
I30204,P20204,Hyderabad WH,72,43,2025-12-31
I30205,P20205,Mumbai WH,185,88,2025-12-31
I30206,P20206,Chennai WH,282,86,2025-12-31
I30207,P20207,Bengaluru WH,37,149,2025-12-31
I30208,P20208,Mumbai WH,247,66,2025-12-31
I30209,P20209,Delhi WH,470,87,2025-12-31
I30210,P20210,Bengaluru WH,383,112,2025-12-31
I30211,P20211,Bengaluru WH,75,61,2025-12-31
I30212,P20212,Mumbai WH,140,49,2025-12-31
I30213,P20213,Chennai WH,96,114,2025-12-31
I30214,P20214,Hyderabad WH,142,108,2025-12-31
I30215,P20215,Chennai WH,79,110,2025-12-31
I30216,P20216,Mumbai WH,255,90,2025-12-31
I30217,P20217,Hyderabad WH,353,137,2025-12-31
I30218,P20218,Bengaluru WH,456,86,2025-12-31
I30219,P20219,Delhi WH,489,138,2025-12-31
I30220,P20220,Chennai WH,499,81,2025-12-31
I30221,P20221,Hyderabad WH,474,117,2025-12-31
I30222,P20222,Chennai WH,303,114,2025-12-31
I30223,P20223,Hyderabad WH,14,77,2025-12-31
I30224,P20224,Delhi WH,354,108,2025-12-31
I30225,P20225,Mumbai WH,481,40,2025-12-31
I30226,P20226,Mumbai WH,295,130,2025-12-31
I30227,P20227,Hyderabad WH,285,59,2025-12-31
I30228,P20228,Hyderabad WH,367,89,2025-12-31
I30229,P20229,Mumbai WH,22,47,2025-12-31
I30230,P20230,Bengaluru WH,264,149,2025-12-31
I30231,P20231,Bengaluru WH,159,121,2025-12-31
I30232,P20232,Bengaluru WH,290,106,2025-12-31
I30233,P20233,Delhi WH,304,136,2025-12-31
I30234,P20234,Hyderabad WH,95,103,2025-12-31
I30235,P20235,Chennai WH,428,76,2025-12-31
I30236,P20236,Chennai WH,271,132,2025-12-31
I30237,P20237,Hyderabad WH,287,41,2025-12-31
I30238,P20238,Mumbai WH,280,79,2025-12-31
I30239,P20239,Hyderabad WH,349,131,2025-12-31
I30240,P20240,Bengaluru WH,292,134,2025-12-31
I30241,P20241,Bengaluru WH,36,141,2025-12-31
I30242,P20242,Chennai WH,162,69,2025-12-31
I30243,P20243,Hyderabad WH,300,119,2025-12-31
I30244,P20244,Chennai WH,135,137,2025-12-31
I30245,P20245,Mumbai WH,487,93,2025-12-31
I30246,P20246,Delhi WH,240,48,2025-12-31
I30247,P20247,Delhi WH,174,116,2025-12-31
I30248,P20248,Mumbai WH,291,141,2025-12-31
I30249,P20249,Bengaluru WH,117,129,2025-12-31
I30250,P20250,Bengaluru WH,472,56,2025-12-31
I30251,P20251,Bengaluru WH,337,81,2025-12-31
I30252,P20252,Chennai WH,358,109,2025-12-31
I30253,P20253,Chennai WH,393,36,2025-12-31
I30254,P20254,Delhi WH,256,92,2025-12-31
I30255,P20255,Bengaluru WH,451,106,2025-12-31
I30256,P20256,Bengaluru WH,217,84,2025-12-31
I30257,P20257,Mumbai WH,202,105,2025-12-31
I30258,P20258,Delhi WH,142,120,2025-12-31
I30259,P20259,Chennai WH,254,126,2025-12-31
I30260,P20260,Delhi WH,95,60,2025-12-31
I30261,P20261,Bengaluru WH,206,40,2025-12-31
I30262,P20262,Bengaluru WH,347,46,2025-12-31
I30263,P20263,Chennai WH,86,131,2025-12-31
I30264,P20264,Chennai WH,130,95,2025-12-31
I30265,P20265,Delhi WH,114,96,2025-12-31
I30266,P20266,Hyderabad WH,287,127,2025-12-31
I30267,P20267,Bengaluru WH,254,143,2025-12-31
I30268,P20268,Bengaluru WH,147,61,2025-12-31
I30269,P20269,Hyderabad WH,55,53,2025-12-31
I30270,P20270,Delhi WH,333,117,2025-12-31
I30271,P20271,Mumbai WH,98,42,2025-12-31
I30272,P20272,Mumbai WH,359,51,2025-12-31
I30273,P20273,Bengaluru WH,297,48,2025-12-31
I30274,P20274,Mumbai WH,328,82,2025-12-31
I30275,P20275,Delhi WH,59,123,2025-12-31
I30276,P20276,Mumbai WH,183,68,2025-12-31
I30277,P20277,Chennai WH,174,50,2025-12-31
I30278,P20278,Delhi WH,151,141,2025-12-31
I30279,P20279,Hyderabad WH,296,116,2025-12-31
I30280,P20280,Bengaluru WH,3,45,2025-12-31
I30281,P20281,Delhi WH,75,135,2025-12-31
I30282,P20282,Mumbai WH,434,36,2025-12-31
I30283,P20283,Delhi WH,471,113,2025-12-31
I30284,P20284,Hyderabad WH,0,141,2025-12-31
I30285,P20285,Delhi WH,269,135,2025-12-31
I30286,P20286,Hyderabad WH,478,107,2025-12-31
I30287,P20287,Hyderabad WH,393,55,2025-12-31
I30288,P20288,Delhi WH,352,115,2025-12-31
I30289,P20289,Bengaluru WH,163,134,2025-12-31
I30290,P20290,Bengaluru WH,297,129,2025-12-31
I30291,P20291,Mumbai WH,482,119,2025-12-31
I30292,P20292,Delhi WH,377,105,2025-12-31
I30293,P20293,Delhi WH,47,142,2025-12-31
I30294,P20294,Chennai WH,17,60,2025-12-31
I30295,P20295,Bengaluru WH,88,133,2025-12-31
I30296,P20296,Hyderabad WH,331,97,2025-12-31
I30297,P20297,Chennai WH,315,69,2025-12-31
I30298,P20298,Delhi WH,155,56,2025-12-31
I30299,P20299,Chennai WH,180,38,2025-12-31
I30300,P20300,Bengaluru WH,498,105,2025-12-31
