Product_ID,Product_Name,Brand,Category,Sub_Category,Gender_Category,Selling_Price,Cost_Price,Product_Rating
P20001,Dresses Classic,StreetMode,Kids,Dresses,Men,1299,712.59,3.3
P20002,Watches Edit,StyleHub,Accessories,Watches,Kids,1999,1278.57,4.4
P20003,T-Shirts Premium,TrendAura,Kids,T-Shirts,Men,499,271.45,4.3
P20004,Haircare Classic,FashionNest,Beauty,Haircare,Kids,499,337.02,4.7
P20005,Skincare Plus,StreetMode,Beauty,Skincare,Men,499,275.33,3.3
P20006,Fragrance Premium,FashionNest,Beauty,Fragrance,Unisex,499,345.63,4.7
P20007,Bags Casual,StyleHub,Accessories,Bags,Men,1299,691.21,4.8
P20008,Kurtas Classic,GlowCraft,Men,Kurtas,Unisex,1999,1038.25,3.6
P20009,Makeup Casual,GlowCraft,Beauty,Makeup,Women,499,245.1,4.8
P20010,Watches Casual,ClassicLine,Accessories,Watches,Kids,1599,1173.23,3.7
P20011,Shorts Edit,UrbanWeave,Kids,Shorts,Women,1999,1344.51,4.4
P20012,Heels Casual,GlowCraft,Footwear,Heels,Women,2999,1397.81,4.4
P20013,Sets Plus,StreetMode,Kids,Sets,Women,999,695.47,4.4
P20014,Sarees Edit,UrbanWeave,Women,Sarees,Kids,599,378.15,4.0
P20015,Jewellery Plus,StreetMode,Accessories,Jewellery,Men,499,284.76,4.0
P20016,Bags Plus,ClassicLine,Accessories,Bags,Unisex,299,144.65,3.9
P20017,Makeup Casual,StreetMode,Beauty,Makeup,Men,999,638.77,3.7
P20018,T-Shirts Premium,ClassicLine,Kids,T-Shirts,Unisex,1999,1135.31,3.4
P20019,Fragrance Edit,UrbanWeave,Beauty,Fragrance,Men,299,167.66,3.8
P20020,Jeans Premium,GlowCraft,Women,Jeans,Kids,399,284.88,4.1
P20021,Bags Casual,GlowCraft,Accessories,Bags,Men,999,471.54,4.3
P20022,Skincare Edit,VibeWear,Beauty,Skincare,Women,599,416.48,4.7
P20023,T-Shirts Casual,UrbanWeave,Men,T-Shirts,Unisex,299,157.57,4.5
P20024,Belts Classic,StreetMode,Accessories,Belts,Women,399,231.65,4.8
P20025,Dresses Classic,VibeWear,Kids,Dresses,Men,799,412.2,3.2
P20026,Sandals Premium,StreetMode,Footwear,Sandals,Women,999,485.62,3.3
P20027,Shirts Classic,ClassicLine,Men,Shirts,Unisex,299,180.51,3.8
P20028,Shorts Plus,StyleHub,Kids,Shorts,Women,299,201.77,4.8
P20029,Fragrance Premium,StyleHub,Beauty,Fragrance,Unisex,399,184.21,3.9
P20030,Kurtas Edit,TrendAura,Men,Kurtas,Kids,299,207.66,4.7
P20031,Jeans Premium,StyleHub,Men,Jeans,Unisex,2499,1865.88,4.0
P20032,T-Shirts Plus,GlowCraft,Men,T-Shirts,Women,299,211.47,3.4
P20033,Watches Casual,StreetMode,Accessories,Watches,Unisex,1999,1471.69,3.4
P20034,Fragrance Casual,GlowCraft,Beauty,Fragrance,Unisex,599,324.87,3.6
P20035,T-Shirts Plus,TrendAura,Kids,T-Shirts,Men,1999,1125.56,4.7
P20036,Sandals Classic,StyleHub,Footwear,Sandals,Men,499,350.3,3.8
P20037,T-Shirts Classic,StreetMode,Men,T-Shirts,Men,299,216.7,4.4
P20038,Dresses Casual,StyleHub,Kids,Dresses,Women,399,184.67,4.7
P20039,Skincare Casual,UrbanWeave,Beauty,Skincare,Kids,299,200.74,3.4
P20040,Dresses Premium,ClassicLine,Kids,Dresses,Unisex,999,680.15,4.8
P20041,Dresses Casual,StreetMode,Kids,Dresses,Kids,1999,1019.02,3.7
P20042,Kurtas Casual,StyleHub,Men,Kurtas,Men,599,304.46,4.0
P20043,Sandals Classic,FashionNest,Footwear,Sandals,Women,999,496.24,4.1
P20044,Haircare Edit,UrbanWeave,Beauty,Haircare,Kids,399,293.36,3.6
P20045,Heels Classic,StreetMode,Footwear,Heels,Unisex,2499,1258.82,3.9
P20046,Jeans Premium,UrbanWeave,Women,Jeans,Unisex,399,297.01,3.8
P20047,Skincare Casual,StreetMode,Beauty,Skincare,Kids,2499,1268.5,3.4
P20048,Kurtis Casual,StyleHub,Women,Kurtis,Unisex,1299,856.0,4.8
P20049,Kurtis Premium,StreetMode,Women,Kurtis,Men,599,376.74,4.6
P20050,Fragrance Classic,StyleHub,Beauty,Fragrance,Kids,299,155.85,3.7
P20051,Flats Casual,FashionNest,Footwear,Flats,Women,1999,1015.39,4.0
P20052,T-Shirts Premium,StreetMode,Men,T-Shirts,Women,599,331.17,4.4
P20053,Fragrance Classic,TrendAura,Beauty,Fragrance,Men,2499,1668.3,3.8
P20054,Watches Edit,ClassicLine,Accessories,Watches,Unisex,1999,1023.72,4.1
P20055,Bags Classic,FashionNest,Accessories,Bags,Men,399,276.79,3.8
P20056,Jeans Premium,TrendAura,Women,Jeans,Women,399,244.99,4.7
P20057,Kurtas Premium,StyleHub,Men,Kurtas,Unisex,299,161.59,4.2
P20058,Kurtis Edit,StreetMode,Women,Kurtis,Unisex,299,219.95,4.5
P20059,Sets Edit,StreetMode,Kids,Sets,Kids,1999,1178.43,3.6
P20060,T-Shirts Premium,UrbanWeave,Kids,T-Shirts,Men,599,331.03,4.8
P20061,Kurtas Premium,UrbanWeave,Men,Kurtas,Men,499,307.42,3.7
P20062,Sneakers Casual,TrendAura,Footwear,Sneakers,Women,1599,1126.56,3.8
P20063,Flats Plus,ClassicLine,Footwear,Flats,Unisex,799,562.11,3.9
P20064,Kurtis Premium,ClassicLine,Women,Kurtis,Women,2499,1472.56,4.3
P20065,Flats Classic,GlowCraft,Footwear,Flats,Kids,1299,628.52,4.2
P20066,Sarees Edit,FashionNest,Women,Sarees,Kids,1999,963.19,4.1
P20067,Jeans Plus,GlowCraft,Men,Jeans,Women,399,287.04,4.1
P20068,Watches Premium,FashionNest,Accessories,Watches,Men,1599,964.66,3.9
P20069,T-Shirts Edit,StreetMode,Men,T-Shirts,Women,1999,1402.76,4.1
P20070,Flats Casual,StreetMode,Footwear,Flats,Unisex,2999,1980.12,4.7
P20071,Fragrance Premium,FashionNest,Beauty,Fragrance,Women,499,301.75,4.0
P20072,Sandals Plus,FashionNest,Footwear,Sandals,Kids,399,253.06,3.8
P20073,T-Shirts Casual,VibeWear,Kids,T-Shirts,Kids,599,284.69,3.8
P20074,Belts Premium,VibeWear,Accessories,Belts,Kids,499,342.67,3.4
P20075,Dresses Classic,StyleHub,Kids,Dresses,Women,999,673.73,4.6
P20076,Fragrance Edit,TrendAura,Beauty,Fragrance,Kids,2499,1839.1,4.4
P20077,Sandals Premium,UrbanWeave,Footwear,Sandals,Men,1299,867.51,3.4
P20078,Haircare Classic,FashionNest,Beauty,Haircare,Kids,499,314.46,3.5
P20079,Kurtas Classic,FashionNest,Men,Kurtas,Men,999,667.62,4.8
P20080,Sarees Edit,TrendAura,Women,Sarees,Kids,399,254.17,4.2
P20081,Sarees Premium,TrendAura,Women,Sarees,Unisex,1599,968.66,3.5
P20082,Flats Plus,VibeWear,Footwear,Flats,Men,1599,928.82,4.3
P20083,Makeup Edit,FashionNest,Beauty,Makeup,Men,799,376.26,4.7
P20084,Kurtis Edit,FashionNest,Women,Kurtis,Men,2499,1376.69,4.8
P20085,Shirts Premium,GlowCraft,Men,Shirts,Unisex,499,273.14,4.3
P20086,Jewellery Edit,UrbanWeave,Accessories,Jewellery,Men,999,586.69,4.0
P20087,Trousers Plus,ClassicLine,Men,Trousers,Unisex,1999,1043.37,3.5
P20088,Skincare Premium,ClassicLine,Beauty,Skincare,Men,599,373.2,3.4
P20089,Shirts Edit,StreetMode,Men,Shirts,Unisex,599,367.94,4.8
P20090,T-Shirts Edit,StyleHub,Men,T-Shirts,Unisex,299,174.83,4.2
P20091,Makeup Edit,GlowCraft,Beauty,Makeup,Unisex,1599,830.53,3.9
P20092,Dresses Premium,StyleHub,Women,Dresses,Unisex,399,241.39,3.7
P20093,Tops Casual,StyleHub,Women,Tops,Women,2499,1342.0,3.5
P20094,T-Shirts Plus,ClassicLine,Kids,T-Shirts,Men,299,139.59,4.0
P20095,Jeans Edit,TrendAura,Women,Jeans,Women,2499,1289.72,4.1
P20096,T-Shirts Casual,FashionNest,Men,T-Shirts,Unisex,399,243.33,4.7
P20097,Sandals Premium,StyleHub,Footwear,Sandals,Unisex,799,442.45,3.3
P20098,Fragrance Edit,VibeWear,Beauty,Fragrance,Women,1999,1014.67,4.4
P20099,Jeans Premium,ClassicLine,Women,Jeans,Kids,399,259.72,3.9
P20100,Shorts Edit,GlowCraft,Kids,Shorts,Women,599,307.11,4.4
P20101,Bags Edit,VibeWear,Accessories,Bags,Unisex,1299,682.96,4.0
P20102,Belts Edit,StreetMode,Accessories,Belts,Unisex,2999,2104.05,4.6
P20103,Shirts Edit,ClassicLine,Men,Shirts,Unisex,2499,1152.59,4.1
P20104,Watches Plus,ClassicLine,Accessories,Watches,Kids,599,293.58,4.8
P20105,Belts Edit,ClassicLine,Accessories,Belts,Men,2499,1396.99,4.8
P20106,Sneakers Classic,ClassicLine,Footwear,Sneakers,Women,299,217.92,3.5
P20107,Jeans Casual,StyleHub,Women,Jeans,Unisex,499,367.45,4.8
P20108,Sneakers Plus,StyleHub,Footwear,Sneakers,Unisex,1299,829.62,4.3
P20109,Watches Casual,GlowCraft,Accessories,Watches,Kids,2999,1937.58,3.7
P20110,Fragrance Edit,StyleHub,Beauty,Fragrance,Kids,1999,1074.48,4.8
P20111,Sneakers Premium,UrbanWeave,Footwear,Sneakers,Kids,399,259.0,3.4
P20112,Shorts Casual,GlowCraft,Kids,Shorts,Men,1599,1042.89,3.2
P20113,Makeup Plus,UrbanWeave,Beauty,Makeup,Kids,1299,744.61,4.1
P20114,Shirts Casual,TrendAura,Men,Shirts,Men,1599,1130.57,4.0
P20115,Shirts Plus,ClassicLine,Men,Shirts,Unisex,2999,1614.91,4.0
P20116,T-Shirts Premium,UrbanWeave,Kids,T-Shirts,Men,299,177.66,3.3
P20117,Jewellery Plus,StreetMode,Accessories,Jewellery,Men,599,418.07,4.1
P20118,Flats Edit,StreetMode,Footwear,Flats,Women,799,472.07,4.7
P20119,Skincare Plus,FashionNest,Beauty,Skincare,Unisex,399,272.92,4.0
P20120,Tops Plus,TrendAura,Women,Tops,Men,799,556.23,3.2
P20121,Shirts Edit,StyleHub,Men,Shirts,Men,1299,683.83,3.8
P20122,Dresses Classic,FashionNest,Kids,Dresses,Women,1599,854.74,3.5
P20123,Bags Classic,VibeWear,Accessories,Bags,Men,1999,980.17,4.0
P20124,Jewellery Casual,StreetMode,Accessories,Jewellery,Kids,999,684.37,3.2
P20125,Fragrance Edit,TrendAura,Beauty,Fragrance,Women,299,223.06,3.6
P20126,Skincare Premium,TrendAura,Beauty,Skincare,Women,299,219.35,3.3
P20127,Haircare Plus,GlowCraft,Beauty,Haircare,Men,599,429.56,3.6
P20128,Watches Classic,VibeWear,Accessories,Watches,Kids,999,570.92,4.9
P20129,T-Shirts Casual,UrbanWeave,Kids,T-Shirts,Unisex,799,396.59,3.9
P20130,Skincare Plus,FashionNest,Beauty,Skincare,Unisex,1299,618.44,3.7
P20131,Haircare Edit,UrbanWeave,Beauty,Haircare,Kids,799,549.92,4.3
P20132,Shorts Premium,StyleHub,Kids,Shorts,Kids,1599,977.41,3.2
P20133,Trousers Classic,VibeWear,Men,Trousers,Kids,499,354.37,4.8
P20134,Tops Edit,FashionNest,Women,Tops,Men,1599,781.54,3.3
P20135,Flats Plus,TrendAura,Footwear,Flats,Unisex,1999,1316.32,4.1
P20136,Dresses Classic,GlowCraft,Women,Dresses,Unisex,399,277.37,3.2
P20137,Tops Plus,ClassicLine,Women,Tops,Unisex,1999,1375.72,4.2
P20138,Dresses Classic,VibeWear,Kids,Dresses,Women,599,404.43,3.6
P20139,Shorts Plus,GlowCraft,Kids,Shorts,Men,1299,913.77,3.3
P20140,Sandals Classic,VibeWear,Footwear,Sandals,Men,2999,2130.47,4.2
P20141,Makeup Plus,StyleHub,Beauty,Makeup,Unisex,1299,762.99,3.9
P20142,Dresses Casual,TrendAura,Kids,Dresses,Men,1599,838.34,3.8
P20143,Heels Classic,FashionNest,Footwear,Heels,Unisex,599,298.42,3.5
P20144,Sneakers Plus,StreetMode,Footwear,Sneakers,Unisex,999,491.2,4.5
P20145,Sandals Plus,StyleHub,Footwear,Sandals,Men,799,433.73,4.9
P20146,T-Shirts Plus,StyleHub,Men,T-Shirts,Women,2499,1305.68,4.4
P20147,Sets Premium,GlowCraft,Kids,Sets,Men,2999,1885.9,4.5
P20148,Makeup Premium,VibeWear,Beauty,Makeup,Men,999,542.36,4.8
P20149,Makeup Casual,VibeWear,Beauty,Makeup,Unisex,499,296.94,3.6
P20150,Jewellery Plus,StyleHub,Accessories,Jewellery,Kids,399,265.18,3.7
P20151,Dresses Classic,TrendAura,Kids,Dresses,Women,2499,1399.45,3.9
P20152,Flats Casual,TrendAura,Footwear,Flats,Unisex,2999,1566.97,3.3
P20153,Haircare Plus,UrbanWeave,Beauty,Haircare,Unisex,1599,763.44,4.5
P20154,Belts Classic,FashionNest,Accessories,Belts,Unisex,999,519.2,4.3
P20155,Shirts Premium,FashionNest,Men,Shirts,Unisex,599,394.15,4.5
P20156,Shorts Casual,FashionNest,Kids,Shorts,Men,499,371.84,4.7
P20157,Bags Edit,VibeWear,Accessories,Bags,Unisex,1999,1218.28,4.0
P20158,Jeans Casual,ClassicLine,Women,Jeans,Women,499,302.14,4.4
P20159,Jewellery Premium,FashionNest,Accessories,Jewellery,Men,2499,1457.89,3.2
P20160,Belts Classic,StreetMode,Accessories,Belts,Unisex,399,257.65,3.3
P20161,Tops Classic,VibeWear,Women,Tops,Kids,1299,648.29,3.7
P20162,Makeup Premium,ClassicLine,Beauty,Makeup,Men,999,637.88,3.9
P20163,Jeans Edit,UrbanWeave,Women,Jeans,Unisex,1599,846.94,4.6
P20164,Belts Edit,VibeWear,Accessories,Belts,Men,399,239.3,3.7
P20165,Jeans Classic,ClassicLine,Men,Jeans,Men,399,249.58,4.0
P20166,Kurtas Casual,VibeWear,Men,Kurtas,Kids,1999,1160.82,3.4
P20167,Flats Premium,VibeWear,Footwear,Flats,Kids,2999,1547.36,4.0
P20168,Belts Edit,StreetMode,Accessories,Belts,Unisex,999,632.48,4.6
P20169,Jeans Edit,GlowCraft,Men,Jeans,Women,1999,1001.86,3.9
P20170,Haircare Edit,FashionNest,Beauty,Haircare,Kids,1599,731.37,4.4
P20171,Dresses Premium,TrendAura,Kids,Dresses,Unisex,799,556.54,4.3
P20172,Dresses Plus,StreetMode,Women,Dresses,Women,499,361.05,3.9
P20173,Shorts Premium,StyleHub,Kids,Shorts,Men,499,329.56,4.0
P20174,Bags Premium,FashionNest,Accessories,Bags,Men,399,290.7,4.3
P20175,Flats Edit,UrbanWeave,Footwear,Flats,Kids,999,741.03,3.8
P20176,Kurtas Edit,VibeWear,Men,Kurtas,Women,2499,1648.99,3.7
P20177,Kurtas Classic,ClassicLine,Men,Kurtas,Women,2999,1475.23,4.4
P20178,Jewellery Casual,VibeWear,Accessories,Jewellery,Men,1299,845.95,4.6
P20179,Jeans Classic,TrendAura,Men,Jeans,Unisex,999,522.43,4.1
P20180,Skincare Casual,GlowCraft,Beauty,Skincare,Kids,1599,731.53,4.4
P20181,T-Shirts Edit,ClassicLine,Men,T-Shirts,Women,1999,954.33,4.5
P20182,Watches Plus,VibeWear,Accessories,Watches,Men,599,341.64,4.8
P20183,Jeans Plus,ClassicLine,Women,Jeans,Men,999,510.35,4.9
P20184,Kurtis Casual,ClassicLine,Women,Kurtis,Women,1999,915.51,4.4
P20185,Sets Edit,VibeWear,Kids,Sets,Men,1599,818.31,3.8
P20186,T-Shirts Classic,UrbanWeave,Kids,T-Shirts,Women,399,253.73,3.3
P20187,Trousers Edit,TrendAura,Men,Trousers,Men,1999,1246.63,4.3
P20188,T-Shirts Premium,StreetMode,Men,T-Shirts,Men,2499,1166.69,4.5
P20189,Sneakers Classic,TrendAura,Footwear,Sneakers,Women,299,137.51,4.8
P20190,Dresses Casual,ClassicLine,Women,Dresses,Men,1299,826.64,3.3
P20191,Bags Premium,TrendAura,Accessories,Bags,Unisex,1599,959.7,4.8
P20192,Dresses Classic,StyleHub,Kids,Dresses,Kids,499,349.2,4.0
P20193,Heels Casual,VibeWear,Footwear,Heels,Men,799,360.11,4.9
P20194,Sarees Casual,StreetMode,Women,Sarees,Kids,399,210.55,4.7
P20195,Jeans Classic,StreetMode,Women,Jeans,Kids,399,206.25,4.1
P20196,Jewellery Plus,ClassicLine,Accessories,Jewellery,Kids,299,161.8,3.4
P20197,Kurtis Casual,UrbanWeave,Women,Kurtis,Women,2499,1230.55,3.4
P20198,Dresses Edit,VibeWear,Kids,Dresses,Unisex,599,299.53,4.8
P20199,Watches Classic,StyleHub,Accessories,Watches,Men,399,207.01,3.6
P20200,Heels Edit,GlowCraft,Footwear,Heels,Men,1299,762.08,4.7
P20201,Dresses Edit,StyleHub,Kids,Dresses,Unisex,299,135.16,4.0
P20202,Dresses Premium,StreetMode,Women,Dresses,Kids,2499,1723.23,3.4
P20203,Shorts Premium,ClassicLine,Kids,Shorts,Unisex,799,510.71,3.9
P20204,Heels Classic,StyleHub,Footwear,Heels,Men,799,467.24,4.8
P20205,Bags Classic,UrbanWeave,Accessories,Bags,Women,2499,1479.96,4.7
P20206,Skincare Classic,StreetMode,Beauty,Skincare,Men,399,265.66,3.2
P20207,Jewellery Premium,UrbanWeave,Accessories,Jewellery,Women,399,278.06,3.6
P20208,Haircare Premium,GlowCraft,Beauty,Haircare,Men,499,240.64,3.2
P20209,T-Shirts Premium,ClassicLine,Men,T-Shirts,Women,599,414.3,3.3
P20210,Skincare Edit,ClassicLine,Beauty,Skincare,Unisex,599,407.92,4.3
P20211,Belts Premium,ClassicLine,Accessories,Belts,Women,1999,1079.11,3.4
P20212,Sneakers Premium,UrbanWeave,Footwear,Sneakers,Women,499,237.78,3.8
P20213,Haircare Classic,TrendAura,Beauty,Haircare,Women,599,432.38,3.4
P20214,Sarees Classic,FashionNest,Women,Sarees,Unisex,999,667.57,4.5
P20215,Kurtas Premium,StyleHub,Men,Kurtas,Unisex,799,506.04,4.9
P20216,Sarees Casual,VibeWear,Women,Sarees,Kids,799,473.3,4.6
P20217,Watches Plus,StyleHub,Accessories,Watches,Women,2999,2147.22,3.9
P20218,Jeans Premium,StyleHub,Men,Jeans,Men,1299,640.79,3.4
P20219,Fragrance Edit,TrendAura,Beauty,Fragrance,Men,999,512.94,4.5
P20220,Sandals Premium,UrbanWeave,Footwear,Sandals,Kids,1599,1179.94,4.6
P20221,Dresses Casual,StreetMode,Women,Dresses,Unisex,799,394.04,3.2
P20222,Jeans Premium,StyleHub,Men,Jeans,Women,499,287.83,4.4
P20223,Dresses Classic,StreetMode,Kids,Dresses,Unisex,499,346.28,4.2
P20224,Flats Premium,FashionNest,Footwear,Flats,Women,799,558.49,3.9
P20225,Haircare Casual,StreetMode,Beauty,Haircare,Women,299,178.31,3.5
P20226,Makeup Classic,StyleHub,Beauty,Makeup,Unisex,1299,773.9,4.2
P20227,Sarees Premium,ClassicLine,Women,Sarees,Men,999,625.24,4.0
P20228,Shirts Edit,StyleHub,Men,Shirts,Men,1299,908.67,4.0
P20229,Trousers Casual,StreetMode,Men,Trousers,Unisex,499,280.81,3.4
P20230,Bags Premium,VibeWear,Accessories,Bags,Kids,1999,1031.77,3.5
P20231,Shirts Casual,StyleHub,Men,Shirts,Men,399,194.54,3.8
P20232,Jeans Classic,TrendAura,Men,Jeans,Kids,999,578.37,3.7
P20233,Sneakers Casual,UrbanWeave,Footwear,Sneakers,Men,499,296.35,4.9
P20234,Heels Plus,VibeWear,Footwear,Heels,Women,399,219.16,3.6
P20235,T-Shirts Casual,StreetMode,Kids,T-Shirts,Men,599,307.66,3.6
P20236,Haircare Classic,TrendAura,Beauty,Haircare,Unisex,2499,1783.83,4.8
P20237,T-Shirts Premium,GlowCraft,Kids,T-Shirts,Kids,1599,1115.51,3.4
P20238,T-Shirts Classic,VibeWear,Kids,T-Shirts,Kids,1999,1279.21,4.7
P20239,Haircare Classic,UrbanWeave,Beauty,Haircare,Women,799,561.9,3.4
P20240,Flats Casual,ClassicLine,Footwear,Flats,Men,299,218.55,4.6
P20241,Sandals Edit,UrbanWeave,Footwear,Sandals,Women,1599,1176.35,3.3
P20242,Sarees Classic,StreetMode,Women,Sarees,Men,1599,911.27,4.9
P20243,Heels Classic,StyleHub,Footwear,Heels,Unisex,2999,1859.55,4.8
P20244,Bags Edit,FashionNest,Accessories,Bags,Women,2499,1801.67,4.4
P20245,Watches Premium,UrbanWeave,Accessories,Watches,Men,599,407.12,3.6
P20246,Kurtis Classic,UrbanWeave,Women,Kurtis,Kids,499,353.28,3.6
P20247,Kurtis Casual,FashionNest,Women,Kurtis,Men,499,235.46,4.3
P20248,Bags Casual,FashionNest,Accessories,Bags,Women,999,729.6,3.6
P20249,Skincare Premium,FashionNest,Beauty,Skincare,Unisex,1599,1110.51,3.6
P20250,Bags Classic,GlowCraft,Accessories,Bags,Unisex,2499,1192.56,3.6
P20251,Sneakers Premium,StreetMode,Footwear,Sneakers,Unisex,1599,1015.13,4.8
P20252,Trousers Edit,GlowCraft,Men,Trousers,Unisex,299,198.57,4.7
P20253,Sarees Plus,StyleHub,Women,Sarees,Women,1299,634.08,3.9
P20254,T-Shirts Edit,GlowCraft,Men,T-Shirts,Kids,1299,781.79,4.6
P20255,Kurtis Classic,StyleHub,Women,Kurtis,Men,2999,1825.73,4.2
P20256,Belts Edit,StyleHub,Accessories,Belts,Kids,1599,881.98,3.3
P20257,Shirts Edit,GlowCraft,Men,Shirts,Women,299,216.87,4.7
P20258,Watches Classic,FashionNest,Accessories,Watches,Men,599,312.47,4.8
P20259,Sets Edit,VibeWear,Kids,Sets,Men,2499,1354.77,3.3
P20260,T-Shirts Plus,TrendAura,Kids,T-Shirts,Women,1599,1042.08,3.8
P20261,Kurtis Casual,FashionNest,Women,Kurtis,Women,999,511.28,4.4
P20262,Watches Plus,GlowCraft,Accessories,Watches,Kids,499,275.26,4.2
P20263,Skincare Edit,StyleHub,Beauty,Skincare,Women,399,203.27,4.7
P20264,Haircare Casual,StreetMode,Beauty,Haircare,Women,2499,1219.49,3.5
P20265,Flats Edit,StreetMode,Footwear,Flats,Men,2499,1675.4,3.7
P20266,Sandals Edit,StyleHub,Footwear,Sandals,Women,399,258.42,4.9
P20267,Sandals Casual,GlowCraft,Footwear,Sandals,Women,2499,1207.07,3.9
P20268,Shorts Plus,GlowCraft,Kids,Shorts,Kids,299,144.88,4.2
P20269,Dresses Edit,StyleHub,Kids,Dresses,Kids,799,378.12,3.2
P20270,Flats Premium,GlowCraft,Footwear,Flats,Kids,999,704.13,4.1
P20271,Flats Casual,ClassicLine,Footwear,Flats,Women,399,193.68,4.5
P20272,Makeup Premium,TrendAura,Beauty,Makeup,Women,999,733.12,4.2
P20273,Heels Plus,TrendAura,Footwear,Heels,Kids,799,408.18,4.5
P20274,Sets Edit,FashionNest,Kids,Sets,Unisex,999,539.81,3.6
P20275,Bags Plus,GlowCraft,Accessories,Bags,Unisex,599,342.76,4.9
P20276,Bags Premium,UrbanWeave,Accessories,Bags,Unisex,2499,1593.74,3.3
P20277,Shorts Casual,FashionNest,Kids,Shorts,Unisex,399,247.98,3.8
P20278,Bags Plus,GlowCraft,Accessories,Bags,Unisex,1299,678.49,3.2
P20279,Haircare Casual,StyleHub,Beauty,Haircare,Unisex,1599,1054.11,4.3
P20280,Jeans Classic,StyleHub,Men,Jeans,Unisex,999,477.61,4.8
P20281,Heels Edit,StyleHub,Footwear,Heels,Kids,1299,837.95,3.4
P20282,Watches Premium,GlowCraft,Accessories,Watches,Men,2999,2059.36,4.4
P20283,Skincare Plus,TrendAura,Beauty,Skincare,Unisex,799,544.8,4.6
P20284,Fragrance Premium,UrbanWeave,Beauty,Fragrance,Women,1299,895.71,4.4
P20285,Heels Plus,StreetMode,Footwear,Heels,Men,1299,653.31,4.8
P20286,T-Shirts Plus,VibeWear,Men,T-Shirts,Kids,1999,1200.1,3.9
P20287,Trousers Plus,TrendAura,Men,Trousers,Unisex,499,354.31,4.7
P20288,Belts Premium,TrendAura,Accessories,Belts,Men,399,239.43,3.9
P20289,Jeans Classic,FashionNest,Women,Jeans,Men,2499,1189.13,4.0
P20290,Sets Plus,TrendAura,Kids,Sets,Kids,2499,1589.05,4.3
P20291,Skincare Casual,GlowCraft,Beauty,Skincare,Men,2499,1241.96,4.9
P20292,Sets Plus,GlowCraft,Kids,Sets,Men,399,191.21,3.7
P20293,Belts Classic,StreetMode,Accessories,Belts,Men,399,233.74,4.6
P20294,Heels Edit,GlowCraft,Footwear,Heels,Unisex,1599,1010.63,4.6
P20295,Belts Classic,TrendAura,Accessories,Belts,Unisex,2999,1536.25,4.2
P20296,Bags Classic,StyleHub,Accessories,Bags,Men,1599,864.87,4.5
P20297,Kurtas Plus,StyleHub,Men,Kurtas,Women,999,537.6,4.3
P20298,Fragrance Casual,ClassicLine,Beauty,Fragrance,Unisex,399,182.15,4.3
P20299,Makeup Edit,TrendAura,Beauty,Makeup,Unisex,1599,895.76,4.1
P20300,Heels Classic,StreetMode,Footwear,Heels,Men,299,194.71,3.7
