Return_ID,Order_ID,Product_ID,Return_Date,Return_Reason,Return_Quantity,Refund_Amount
R90001,O50914,P20010,2025-03-31,Size Issue,1,1544.98
R90002,O54307,P20038,2025-04-26,Quality Issue,1,844.79
R90003,O52743,P20254,2025-02-05,Wrong Product,1,671.93
R90004,O54683,P20021,2025-05-03,Wrong Product,1,671.22
R90005,O51430,P20273,2025-07-30,Changed Mind,1,847.42
R90006,O54437,P20294,2025-01-10,Size Issue,1,3838.37
R90007,O50774,P20078,2025-11-29,Changed Mind,1,513.45
R90008,O50159,P20020,2025-05-16,Size Issue,1,312.66
R90009,O51632,P20101,2025-01-06,Size Issue,1,1239.78
R90010,O51439,P20023,2025-12-10,Changed Mind,1,152.74
R90011,O54146,P20165,2025-09-16,Quality Issue,1,337.35
R90012,O50857,P20280,2026-01-06,Quality Issue,1,488.18
R90013,O53937,P20281,2025-02-17,Color Mismatch,1,907.57
R90014,O53870,P20067,2025-03-01,Size Issue,2,412.87
R90015,O52645,P20250,2025-07-29,Size Issue,1,1136.79
R90016,O51525,P20115,2026-01-04,Color Mismatch,1,2327.36
R90017,O53824,P20072,2025-11-08,Size Issue,1,166.97
R90018,O53044,P20134,2025-10-22,Color Mismatch,1,2510.5
R90019,O53030,P20223,2026-01-02,Quality Issue,1,306.0
R90020,O53589,P20202,2025-05-11,Size Issue,1,1378.13
R90021,O53508,P20285,2025-02-15,Changed Mind,1,1583.71
R90022,O51710,P20158,2025-03-28,Quality Issue,1,887.63
R90023,O54141,P20005,2025-05-23,Color Mismatch,1,365.06
R90024,O54107,P20081,2025-10-24,Size Issue,1,897.05
R90025,O50215,P20183,2025-05-19,Size Issue,1,506.62
R90026,O50481,P20233,2025-08-21,Size Issue,1,683.25
R90027,O53865,P20085,2025-09-07,Quality Issue,1,360.59
R90028,O52688,P20244,2025-01-26,Size Issue,1,1693.62
R90029,O54679,P20116,2025-07-03,Size Issue,1,721.41
R90030,O52100,P20086,2025-11-23,Changed Mind,1,452.47
R90031,O51398,P20006,2025-07-07,Color Mismatch,2,753.83
R90032,O52728,P20151,2025-06-03,Quality Issue,1,1088.43
R90033,O53658,P20231,2025-05-08,Size Issue,1,236.17
R90034,O51691,P20054,2025-12-14,Wrong Product,1,1013.68
R90035,O50162,P20161,2025-05-09,Size Issue,1,2126.74
R90036,O52297,P20016,2025-02-23,Size Issue,2,413.94
R90037,O52299,P20239,2025-05-28,Size Issue,2,1771.73
R90038,O54233,P20190,2025-06-20,Wrong Product,1,1072.31
R90039,O50846,P20274,2025-06-19,Size Issue,2,1796.91
R90040,O51778,P20149,2025-12-31,Quality Issue,1,783.08
R90041,O54528,P20042,2025-12-21,Changed Mind,1,384.94
R90042,O50367,P20115,2025-06-09,Wrong Product,1,1794.06
R90043,O54424,P20167,2025-08-10,Color Mismatch,1,6894.69
R90044,O51553,P20112,2026-01-08,Quality Issue,1,889.41
R90045,O51267,P20282,2025-11-02,Wrong Product,1,2828.84
R90046,O50713,P20163,2025-04-15,Size Issue,1,2457.62
R90047,O52449,P20288,2025-12-05,Changed Mind,1,392.18
R90048,O54443,P20248,2025-03-25,Size Issue,1,1224.68
R90049,O52369,P20275,2025-07-05,Changed Mind,1,716.78
R90050,O52459,P20250,2025-11-09,Size Issue,1,2058.6
R90051,O53551,P20234,2026-01-20,Size Issue,1,408.38
R90052,O52266,P20133,2025-10-27,Size Issue,1,358.26
R90053,O54506,P20240,2025-11-28,Size Issue,1,221.94
R90054,O50337,P20162,2025-03-25,Color Mismatch,2,1947.16
R90055,O50760,P20204,2026-01-07,Changed Mind,1,1708.27
R90056,O50758,P20218,2025-04-26,Wrong Product,1,938.7
R90057,O50479,P20048,2025-04-24,Size Issue,1,799.42
R90058,O54946,P20173,2025-05-25,Size Issue,2,651.62
R90059,O52131,P20268,2025-06-02,Wrong Product,2,506.14
R90060,O51513,P20025,2025-03-02,Changed Mind,1,901.77
R90061,O50061,P20095,2025-06-13,Quality Issue,1,1709.35
R90062,O54342,P20269,2025-02-25,Quality Issue,1,559.04
R90063,O52296,P20293,2025-05-22,Size Issue,1,402.12
R90064,O54440,P20012,2025-01-20,Quality Issue,1,7302.81
R90065,O52464,P20095,2025-10-24,Quality Issue,2,2633.84
R90066,O54245,P20258,2025-10-15,Color Mismatch,2,756.48
R90067,O51953,P20244,2025-04-27,Color Mismatch,1,1027.26
R90068,O50346,P20107,2025-01-15,Size Issue,1,279.7
R90069,O50707,P20051,2025-01-31,Changed Mind,2,2100.2
R90070,O54157,P20217,2025-03-30,Wrong Product,1,3253.08
R90071,O50364,P20034,2025-12-31,Changed Mind,1,337.51
R90072,O54220,P20080,2025-02-08,Size Issue,1,166.94
R90073,O54983,P20152,2025-11-14,Size Issue,1,1861.51
R90074,O51458,P20002,2025-03-13,Color Mismatch,1,1369.65
R90075,O51437,P20182,2026-01-13,Quality Issue,2,705.8
R90076,O52855,P20283,2025-05-01,Changed Mind,1,496.53
R90077,O50907,P20029,2025-09-20,Size Issue,1,279.73
R90078,O54362,P20145,2025-09-12,Color Mismatch,1,1057.11
R90079,O51803,P20244,2025-02-19,Quality Issue,1,6049.36
R90080,O51843,P20120,2025-12-01,Size Issue,1,1901.07
R90081,O53006,P20064,2025-03-12,Quality Issue,1,1170.7
R90082,O52018,P20098,2025-08-07,Color Mismatch,1,1196.45
R90083,O50334,P20217,2025-11-08,Quality Issue,1,1906.2
R90084,O53710,P20290,2025-11-09,Size Issue,1,2083.25
R90085,O53243,P20018,2025-09-07,Changed Mind,1,2128.19
R90086,O54461,P20115,2025-01-18,Size Issue,1,5087.24
R90087,O53738,P20268,2025-12-02,Wrong Product,1,222.61
R90088,O50819,P20172,2025-07-09,Wrong Product,1,328.29
R90089,O50903,P20262,2025-02-14,Size Issue,1,880.61
R90090,O50444,P20124,2025-05-23,Quality Issue,1,1657.72
R90091,O52168,P20040,2025-01-19,Size Issue,1,1512.06
R90092,O52463,P20250,2025-06-24,Color Mismatch,1,1860.07
R90093,O53255,P20184,2025-01-21,Changed Mind,1,1497.32
R90094,O50912,P20076,2025-05-07,Color Mismatch,1,1426.63
R90095,O53250,P20294,2025-01-21,Size Issue,1,1172.15
R90096,O54312,P20182,2025-06-20,Size Issue,1,749.39
R90097,O51753,P20299,2025-08-09,Size Issue,1,929.67
R90098,O53315,P20137,2025-03-02,Color Mismatch,1,2620.03
R90099,O52859,P20113,2025-10-19,Wrong Product,2,3017.92
R90100,O53057,P20271,2025-04-12,Color Mismatch,1,365.82
R90101,O52195,P20157,2025-07-14,Color Mismatch,2,2972.33
R90102,O54758,P20089,2025-04-28,Size Issue,1,444.96
R90103,O52610,P20031,2025-10-12,Color Mismatch,1,2111.45
R90104,O50344,P20093,2025-08-11,Size Issue,1,2061.06
R90105,O54091,P20262,2025-12-02,Wrong Product,1,281.66
R90106,O50020,P20196,2025-08-25,Size Issue,1,192.83
R90107,O53074,P20112,2025-12-04,Color Mismatch,1,3972.42
R90108,O54056,P20012,2025-02-01,Color Mismatch,1,1567.72
R90109,O53632,P20145,2025-12-07,Color Mismatch,2,963.03
R90110,O54535,P20163,2025-02-17,Size Issue,1,1250.58
R90111,O53925,P20209,2025-05-22,Quality Issue,1,614.43
R90112,O50640,P20258,2025-10-26,Color Mismatch,1,838.28
R90113,O52906,P20103,2025-09-11,Wrong Product,1,4662.64
R90114,O54188,P20238,2026-01-01,Quality Issue,1,1589.79
R90115,O52160,P20106,2025-07-25,Size Issue,2,332.07
R90116,O50181,P20226,2025-11-11,Quality Issue,2,1781.48
R90117,O53370,P20257,2025-09-24,Quality Issue,1,507.77
R90118,O53390,P20051,2025-10-04,Wrong Product,1,1688.44
R90119,O52172,P20071,2025-05-22,Color Mismatch,1,672.37
R90120,O51518,P20207,2025-02-18,Size Issue,1,262.92
R90121,O54533,P20111,2025-05-23,Changed Mind,1,152.76
R90122,O50509,P20263,2025-03-31,Size Issue,1,311.14
R90123,O50480,P20010,2025-01-19,Size Issue,1,1237.35
R90124,O53159,P20185,2025-07-26,Size Issue,1,1274.53
R90125,O52826,P20213,2025-04-04,Changed Mind,1,674.34
R90126,O51914,P20073,2025-03-08,Wrong Product,1,315.62
R90127,O52344,P20010,2025-11-21,Size Issue,1,993.74
R90128,O51998,P20293,2025-09-20,Quality Issue,1,512.92
R90129,O51882,P20170,2025-12-29,Color Mismatch,1,1288.28
R90130,O51236,P20041,2025-09-30,Quality Issue,1,3152.04
R90131,O51358,P20008,2025-08-01,Size Issue,1,1018.61
R90132,O54040,P20063,2025-08-22,Size Issue,1,652.25
R90133,O51391,P20272,2025-09-22,Quality Issue,1,726.78
R90134,O52513,P20132,2025-02-01,Changed Mind,1,3487.83
R90135,O52909,P20234,2025-02-28,Size Issue,1,223.03
R90136,O54646,P20179,2025-03-25,Size Issue,1,591.15
R90137,O53923,P20017,2025-07-30,Size Issue,1,1239.47
R90138,O51165,P20107,2025-04-05,Quality Issue,1,289.19
R90139,O52835,P20054,2025-01-16,Size Issue,1,2538.84
R90140,O51674,P20250,2025-10-06,Changed Mind,1,1524.89
R90141,O54634,P20196,2025-03-30,Quality Issue,2,327.81
R90142,O53963,P20026,2025-07-10,Quality Issue,1,920.07
R90143,O51400,P20132,2025-10-06,Size Issue,1,739.3
R90144,O53458,P20269,2025-03-20,Size Issue,1,504.74
R90145,O52682,P20271,2025-10-09,Quality Issue,1,238.08
R90146,O50237,P20209,2025-11-05,Wrong Product,1,442.16
R90147,O50432,P20214,2025-03-28,Size Issue,1,1517.9
R90148,O50112,P20107,2025-01-24,Size Issue,1,777.69
R90149,O53859,P20059,2025-04-05,Size Issue,1,4604.2
R90150,O50495,P20230,2025-03-16,Changed Mind,1,3468.64
R90151,O53725,P20026,2025-06-24,Size Issue,1,689.62
R90152,O51520,P20178,2025-05-17,Size Issue,1,1762.83
R90153,O50557,P20129,2025-08-20,Quality Issue,1,525.15
R90154,O53382,P20127,2025-03-04,Quality Issue,1,516.43
R90155,O53073,P20021,2025-05-12,Size Issue,1,726.75
R90156,O50345,P20042,2025-02-10,Quality Issue,1,323.92
R90157,O54337,P20243,2025-03-25,Size Issue,1,4295.81
R90158,O51898,P20279,2025-04-20,Size Issue,1,2576.1
R90159,O50131,P20201,2025-07-15,Quality Issue,1,211.82
R90160,O54615,P20195,2025-09-26,Color Mismatch,1,486.16
R90161,O51917,P20065,2025-10-03,Wrong Product,1,1871.58
R90162,O51705,P20050,2025-06-04,Wrong Product,1,452.31
R90163,O50911,P20279,2025-10-01,Quality Issue,1,2082.67
R90164,O51001,P20229,2025-12-17,Color Mismatch,1,335.48
R90165,O54863,P20041,2025-03-18,Color Mismatch,1,1423.94
R90166,O53662,P20118,2025-07-01,Quality Issue,1,910.77
R90167,O50144,P20064,2025-06-23,Size Issue,1,3846.06
R90168,O51421,P20296,2025-11-02,Quality Issue,1,708.64
R90169,O50532,P20115,2025-01-28,Wrong Product,1,2178.2
R90170,O52423,P20045,2025-05-16,Quality Issue,1,1568.56
R90171,O53812,P20123,2025-03-20,Size Issue,1,1358.32
R90172,O50297,P20248,2025-04-17,Color Mismatch,1,688.44
R90173,O51200,P20164,2025-10-09,Color Mismatch,1,192.35
R90174,O54090,P20121,2025-08-31,Color Mismatch,1,1534.89
R90175,O54614,P20293,2025-11-06,Color Mismatch,1,313.54
R90176,O53066,P20222,2025-03-09,Color Mismatch,1,372.16
R90177,O54131,P20299,2025-03-04,Wrong Product,1,3118.5
R90178,O50730,P20082,2025-12-26,Quality Issue,1,1398.89
R90179,O51337,P20136,2025-06-01,Color Mismatch,1,266.17
R90180,O54032,P20254,2025-09-28,Quality Issue,1,1329.31
R90181,O51823,P20005,2025-09-15,Color Mismatch,1,300.07
R90182,O51864,P20019,2025-10-24,Changed Mind,1,298.61
R90183,O54517,P20275,2025-09-23,Size Issue,2,936.11
R90184,O51333,P20245,2025-12-24,Quality Issue,2,1622.72
R90185,O51997,P20045,2025-12-16,Quality Issue,2,2232.38
R90186,O50540,P20128,2025-12-01,Quality Issue,1,1238.09
R90187,O53524,P20260,2025-05-24,Changed Mind,1,1293.2
R90188,O51497,P20252,2025-07-10,Size Issue,1,462.19
R90189,O53423,P20300,2025-04-10,Quality Issue,2,381.31
R90190,O50173,P20051,2025-11-09,Wrong Product,2,2367.31
R90191,O52825,P20053,2026-01-12,Size Issue,1,3631.5
R90192,O50211,P20026,2025-06-09,Size Issue,1,666.57
R90193,O53895,P20093,2025-01-07,Size Issue,1,7200.61
R90194,O50629,P20081,2025-05-15,Wrong Product,1,1199.85
R90195,O54228,P20253,2025-07-18,Size Issue,1,740.06
R90196,O52618,P20013,2025-06-19,Size Issue,2,1056.23
R90197,O50054,P20061,2025-02-17,Size Issue,1,401.33
R90198,O54250,P20249,2025-05-01,Changed Mind,2,1378.74
R90199,O54631,P20214,2025-02-11,Changed Mind,1,804.41
R90200,O51719,P20078,2025-04-28,Size Issue,1,432.31
R90201,O50820,P20272,2025-06-22,Wrong Product,1,705.03
R90202,O51964,P20289,2025-11-28,Size Issue,1,1530.44
R90203,O50568,P20053,2025-03-05,Size Issue,1,1556.63
R90204,O53502,P20161,2025-08-16,Quality Issue,1,887.98
R90205,O52723,P20091,2025-06-20,Color Mismatch,1,771.84
R90206,O53862,P20055,2025-01-24,Quality Issue,1,777.27
R90207,O52156,P20288,2025-03-27,Wrong Product,1,309.33
R90208,O51739,P20161,2025-12-14,Quality Issue,2,1044.7
R90209,O53252,P20032,2025-09-23,Changed Mind,1,176.04
R90210,O53924,P20296,2026-01-07,Size Issue,2,2181.68
R90211,O52190,P20249,2025-09-28,Changed Mind,1,1370.02
R90212,O51666,P20220,2025-11-22,Size Issue,1,1362.25
R90213,O52191,P20256,2025-09-15,Quality Issue,1,1453.97
R90214,O51180,P20214,2025-03-28,Size Issue,1,476.68
R90215,O52070,P20178,2025-11-20,Size Issue,2,2931.89
R90216,O51168,P20288,2025-04-11,Wrong Product,1,295.43
R90217,O53804,P20068,2025-11-04,Quality Issue,1,1795.8
R90218,O53490,P20082,2025-08-11,Size Issue,2,3172.26
R90219,O51807,P20045,2025-03-20,Size Issue,2,3015.12
R90220,O54221,P20130,2025-11-03,Changed Mind,1,1228.32
R90221,O53007,P20219,2025-07-02,Quality Issue,2,1409.49
R90222,O50922,P20006,2025-02-20,Quality Issue,1,725.12
R90223,O54649,P20049,2025-06-23,Wrong Product,1,1165.13
R90224,O52853,P20296,2025-08-17,Wrong Product,1,2868.16
R90225,O50988,P20110,2025-04-20,Changed Mind,1,1543.88
R90226,O53199,P20271,2025-06-30,Quality Issue,1,211.73
R90227,O51427,P20097,2025-08-10,Size Issue,1,818.13
R90228,O53317,P20031,2025-10-06,Color Mismatch,1,1382.51
R90229,O54045,P20031,2025-09-26,Changed Mind,1,1607.95
R90230,O54628,P20041,2025-09-02,Changed Mind,2,3800.42
R90231,O51921,P20198,2025-01-19,Color Mismatch,1,235.54
R90232,O53128,P20024,2025-05-27,Color Mismatch,1,619.26
R90233,O51963,P20290,2025-07-31,Color Mismatch,1,1610.25
R90234,O52138,P20257,2025-02-07,Changed Mind,1,256.54
R90235,O51927,P20027,2025-08-25,Size Issue,1,461.2
R90236,O50771,P20075,2025-11-07,Quality Issue,1,1953.49
R90237,O51205,P20122,2025-06-14,Quality Issue,1,1569.21
R90238,O54945,P20091,2025-02-27,Changed Mind,1,2226.21
R90239,O53714,P20043,2025-10-03,Size Issue,2,993.38
R90240,O53713,P20206,2025-04-22,Wrong Product,1,528.25
R90241,O51105,P20090,2025-07-22,Size Issue,1,418.33
R90242,O53085,P20214,2025-06-10,Size Issue,1,899.0
R90243,O51079,P20152,2025-09-05,Size Issue,2,2759.88
R90244,O54887,P20137,2025-06-29,Wrong Product,1,1736.83
R90245,O52480,P20224,2025-08-02,Color Mismatch,1,634.46
R90246,O52521,P20097,2025-11-16,Size Issue,1,444.96
R90247,O50179,P20219,2025-09-23,Size Issue,1,1841.56
R90248,O50041,P20140,2025-08-04,Size Issue,1,4081.15
R90249,O53770,P20136,2025-05-16,Size Issue,1,305.85
R90250,O50190,P20178,2025-11-04,Quality Issue,1,725.1
R90251,O54976,P20099,2025-01-30,Quality Issue,2,482.41
R90252,O53808,P20264,2025-05-30,Color Mismatch,2,2910.5
R90253,O52176,P20269,2025-02-06,Size Issue,1,367.14
R90254,O53715,P20259,2025-12-20,Changed Mind,1,2433.24
R90255,O53751,P20149,2025-06-24,Quality Issue,1,435.2
R90256,O54376,P20021,2025-02-11,Quality Issue,1,622.53
R90257,O52834,P20135,2025-12-11,Color Mismatch,1,4992.2
R90258,O50613,P20087,2025-06-03,Size Issue,1,1169.85
R90259,O50023,P20032,2025-01-26,Size Issue,1,485.39
R90260,O51276,P20280,2025-10-26,Size Issue,1,832.86
R90261,O50604,P20007,2025-02-06,Changed Mind,1,722.67
R90262,O50320,P20095,2025-12-13,Size Issue,1,2647.96
R90263,O53778,P20054,2025-06-02,Quality Issue,2,2395.94
R90264,O52015,P20193,2025-10-01,Color Mismatch,1,879.93
R90265,O53872,P20129,2025-08-06,Quality Issue,2,718.22
R90266,O51683,P20040,2025-03-21,Quality Issue,1,813.18
R90267,O52651,P20055,2025-05-30,Size Issue,1,727.46
R90268,O53554,P20076,2025-03-11,Changed Mind,1,2874.38
R90269,O52506,P20029,2025-04-02,Color Mismatch,1,197.81
R90270,O54756,P20024,2025-02-26,Color Mismatch,1,526.43
R90271,O52828,P20232,2025-03-10,Changed Mind,1,1164.39
R90272,O50082,P20008,2025-09-20,Quality Issue,1,2125.93
R90273,O54261,P20251,2025-11-01,Quality Issue,1,1490.65
R90274,O53054,P20156,2025-08-15,Color Mismatch,1,766.68
R90275,O53948,P20224,2025-04-10,Wrong Product,1,1060.19
R90276,O51390,P20141,2025-09-08,Color Mismatch,1,1110.23
R90277,O52804,P20247,2026-01-02,Changed Mind,1,353.83
R90278,O51782,P20169,2025-10-10,Quality Issue,1,1551.88
R90279,O53919,P20079,2025-05-28,Color Mismatch,2,1222.57
R90280,O54309,P20156,2025-03-03,Size Issue,1,607.5
R90281,O54597,P20184,2025-08-13,Quality Issue,1,784.58
R90282,O51563,P20263,2025-07-01,Size Issue,1,320.47
R90283,O50073,P20103,2025-07-29,Quality Issue,1,2276.54
R90284,O50788,P20106,2025-02-25,Size Issue,1,214.58
R90285,O50356,P20218,2025-12-25,Color Mismatch,1,613.54
R90286,O52994,P20251,2025-03-12,Size Issue,1,2062.74
R90287,O53784,P20121,2025-10-15,Changed Mind,1,1004.4
R90288,O53046,P20116,2025-06-07,Quality Issue,1,437.29
R90289,O53154,P20127,2025-08-07,Wrong Product,1,289.03
R90290,O53080,P20078,2025-10-22,Quality Issue,1,1147.71
R90291,O53120,P20008,2025-02-23,Changed Mind,1,5206.35
R90292,O51043,P20134,2025-02-14,Size Issue,1,897.27
R90293,O53434,P20063,2025-03-13,Quality Issue,1,472.97
R90294,O53272,P20223,2025-03-28,Color Mismatch,1,219.87
R90295,O54051,P20059,2025-11-15,Size Issue,1,1454.13
R90296,O52590,P20259,2025-07-29,Color Mismatch,1,1494.36
R90297,O50681,P20060,2025-01-30,Size Issue,1,825.13
R90298,O53017,P20285,2025-09-07,Quality Issue,2,3023.84
R90299,O51716,P20164,2025-07-06,Size Issue,1,383.05
R90300,O53386,P20279,2025-08-24,Size Issue,1,883.89
R90301,O50234,P20108,2025-11-26,Size Issue,1,1934.07
R90302,O52110,P20092,2025-12-08,Changed Mind,1,282.73
R90303,O50786,P20215,2025-06-28,Color Mismatch,1,755.38
R90304,O54534,P20180,2025-04-18,Changed Mind,1,827.67
R90305,O54082,P20219,2025-12-19,Wrong Product,1,831.84
R90306,O53994,P20234,2025-11-06,Quality Issue,1,577.72
R90307,O52381,P20108,2025-11-15,Quality Issue,1,499.82
R90308,O51972,P20191,2025-05-13,Changed Mind,1,1218.33
R90309,O51170,P20215,2025-01-13,Quality Issue,2,2323.81
R90310,O54762,P20223,2026-01-05,Changed Mind,1,294.11
R90311,O50115,P20125,2025-07-03,Quality Issue,1,216.07
R90312,O50168,P20269,2025-08-16,Quality Issue,1,610.08
R90313,O52552,P20173,2025-08-17,Size Issue,1,552.43
R90314,O54063,P20042,2025-07-02,Size Issue,1,524.59
R90315,O50577,P20152,2025-11-30,Quality Issue,1,6302.7
R90316,O53438,P20070,2025-08-02,Size Issue,1,6938.34
R90317,O51166,P20018,2025-03-16,Size Issue,1,1069.53
R90318,O53048,P20253,2025-12-18,Size Issue,1,1992.13
R90319,O50959,P20164,2025-06-10,Quality Issue,1,239.67
R90320,O50525,P20272,2025-01-19,Quality Issue,1,569.34
R90321,O50973,P20137,2025-10-01,Changed Mind,1,933.91
R90322,O52446,P20127,2025-02-25,Changed Mind,1,485.98
R90323,O50621,P20088,2025-06-24,Changed Mind,1,1089.76
R90324,O54087,P20277,2025-05-25,Color Mismatch,1,595.54
R90325,O51319,P20083,2025-02-09,Quality Issue,1,324.27
R90326,O50817,P20258,2025-12-16,Wrong Product,1,1005.51
R90327,O53595,P20052,2026-01-04,Size Issue,1,232.71
R90328,O52614,P20067,2025-09-23,Size Issue,1,345.11
R90329,O50180,P20057,2025-05-05,Size Issue,1,298.26
R90330,O52439,P20197,2025-03-06,Changed Mind,1,1073.11
R90331,O53905,P20031,2025-01-31,Quality Issue,1,1643.58
R90332,O52696,P20152,2025-09-12,Quality Issue,1,6337.44
R90333,O52742,P20055,2025-09-29,Changed Mind,1,544.45
R90334,O54657,P20245,2025-03-20,Quality Issue,1,660.93
R90335,O50241,P20268,2025-05-10,Changed Mind,1,228.78
R90336,O50853,P20076,2025-05-21,Size Issue,1,3461.74
R90337,O51175,P20158,2025-04-07,Color Mismatch,1,249.21
R90338,O50283,P20062,2025-11-08,Color Mismatch,1,924.55
R90339,O50920,P20252,2026-01-14,Size Issue,1,165.32
R90340,O54589,P20171,2025-02-26,Size Issue,1,467.98
R90341,O54477,P20075,2026-01-05,Size Issue,1,636.32
R90342,O52937,P20194,2025-10-14,Color Mismatch,1,399.48
R90343,O52700,P20086,2025-09-23,Size Issue,1,541.37
R90344,O52312,P20263,2025-05-18,Color Mismatch,1,233.88
R90345,O54054,P20220,2025-01-24,Changed Mind,1,1010.68
R90346,O51184,P20141,2025-06-21,Size Issue,2,1943.64
R90347,O51136,P20063,2025-06-01,Color Mismatch,1,607.27
R90348,O52604,P20179,2025-05-07,Size Issue,1,1672.93
R90349,O50633,P20020,2025-05-31,Wrong Product,1,224.11
R90350,O51350,P20220,2025-07-18,Size Issue,1,808.27
R90351,O52013,P20058,2025-09-19,Quality Issue,1,231.74
R90352,O51615,P20245,2025-05-17,Wrong Product,1,489.86
R90353,O54081,P20233,2025-02-19,Wrong Product,1,219.53
R90354,O51981,P20098,2025-05-15,Color Mismatch,1,1723.68
R90355,O51812,P20091,2025-03-05,Quality Issue,1,709.61
R90356,O54053,P20160,2025-04-25,Color Mismatch,1,302.5
R90357,O52470,P20186,2025-06-05,Quality Issue,1,352.78
R90358,O50663,P20013,2025-10-28,Size Issue,1,874.32
R90359,O50921,P20295,2025-01-20,Changed Mind,1,6722.47
R90360,O53787,P20072,2025-06-08,Changed Mind,1,305.33
R90361,O54906,P20026,2025-08-14,Quality Issue,1,614.73
R90362,O50425,P20155,2025-08-27,Color Mismatch,1,1011.44
R90363,O50889,P20064,2025-10-05,Size Issue,2,2972.06
R90364,O50229,P20192,2025-05-04,Size Issue,1,304.99
R90365,O53322,P20163,2025-11-14,Color Mismatch,1,790.9
R90366,O51388,P20207,2025-09-25,Size Issue,1,249.54
R90367,O51190,P20274,2025-05-13,Wrong Product,1,1765.46
R90368,O52966,P20169,2025-06-12,Changed Mind,1,1264.81
R90369,O51717,P20098,2025-02-25,Color Mismatch,1,903.82
R90370,O52731,P20176,2025-11-20,Wrong Product,1,3112.78
R90371,O53625,P20053,2025-06-15,Size Issue,1,1520.85
R90372,O51684,P20280,2025-03-06,Wrong Product,1,1285.18
R90373,O51585,P20276,2025-09-24,Size Issue,1,1755.32
R90374,O52672,P20110,2025-11-17,Color Mismatch,1,1075.49
R90375,O52726,P20162,2025-09-19,Quality Issue,2,1292.58
R90376,O54547,P20069,2025-11-06,Quality Issue,1,1368.51
R90377,O54840,P20260,2025-06-17,Changed Mind,1,1830.34
R90378,O50081,P20189,2025-10-10,Size Issue,1,198.62
R90379,O53110,P20193,2025-05-26,Quality Issue,1,351.85
R90380,O52398,P20030,2025-11-10,Size Issue,1,179.84
R90381,O52941,P20278,2025-04-15,Changed Mind,1,965.19
R90382,O52893,P20195,2025-06-22,Quality Issue,1,331.29
R90383,O53666,P20239,2025-06-15,Size Issue,2,1124.62
R90384,O50537,P20112,2025-09-11,Size Issue,1,2806.56
R90385,O52762,P20067,2025-12-29,Size Issue,1,637.07
R90386,O50200,P20150,2025-04-06,Color Mismatch,2,579.77
R90387,O52374,P20298,2025-10-03,Color Mismatch,1,675.14
R90388,O51219,P20078,2025-12-31,Changed Mind,1,263.36
R90389,O53512,P20148,2025-07-01,Color Mismatch,1,580.85
R90390,O50504,P20190,2025-09-01,Size Issue,1,2522.02
R90391,O51218,P20186,2025-03-14,Wrong Product,1,288.44
R90392,O53325,P20255,2025-01-26,Changed Mind,2,2719.67
R90393,O54581,P20290,2025-10-09,Size Issue,1,1460.12
R90394,O51252,P20078,2025-07-16,Wrong Product,1,410.75
R90395,O51183,P20080,2025-11-22,Color Mismatch,1,461.39
R90396,O51742,P20028,2025-12-07,Quality Issue,1,271.07
R90397,O50094,P20133,2025-11-29,Quality Issue,1,674.73
R90398,O51161,P20037,2025-04-04,Quality Issue,1,138.03
R90399,O52635,P20190,2025-08-29,Changed Mind,1,689.83
R90400,O52234,P20203,2025-03-26,Size Issue,1,2119.55
R90401,O51595,P20253,2025-11-16,Size Issue,1,609.57
R90402,O54751,P20044,2025-05-28,Quality Issue,1,468.99
R90403,O51830,P20157,2025-04-08,Size Issue,1,1017.81
R90404,O54732,P20090,2025-07-31,Quality Issue,1,146.34
R90405,O51186,P20063,2025-02-16,Wrong Product,1,960.71
R90406,O54057,P20242,2025-08-02,Color Mismatch,2,2003.84
R90407,O51116,P20016,2025-09-23,Wrong Product,1,135.89
R90408,O50183,P20248,2025-08-22,Color Mismatch,1,661.25
R90409,O52126,P20194,2025-11-04,Size Issue,1,576.91
R90410,O54037,P20182,2025-03-14,Changed Mind,1,905.22
R90411,O51196,P20221,2025-03-02,Size Issue,1,561.54
R90412,O51382,P20240,2025-02-24,Changed Mind,1,362.08
R90413,O52532,P20172,2025-07-15,Color Mismatch,2,515.95
R90414,O51015,P20217,2025-03-07,Changed Mind,1,2185.14
R90415,O51970,P20294,2025-01-30,Size Issue,1,1234.26
R90416,O50010,P20113,2025-09-15,Changed Mind,1,726.58
R90417,O50548,P20132,2025-05-15,Color Mismatch,1,1107.69
R90418,O50679,P20120,2025-04-06,Size Issue,1,1138.72
R90419,O54264,P20172,2025-11-03,Changed Mind,1,321.79
R90420,O54575,P20257,2025-08-29,Changed Mind,1,766.55
R90421,O52098,P20118,2025-08-03,Color Mismatch,1,1114.28
R90422,O52291,P20117,2025-08-30,Quality Issue,1,564.09
R90423,O53511,P20090,2025-09-20,Quality Issue,1,250.44
R90424,O53971,P20071,2025-06-22,Color Mismatch,1,338.28
R90425,O52917,P20117,2025-11-15,Changed Mind,2,738.94
R90426,O50894,P20067,2025-07-03,Quality Issue,1,998.15
R90427,O50357,P20136,2025-11-07,Size Issue,1,232.96
R90428,O51769,P20015,2025-04-25,Size Issue,1,414.68
R90429,O52560,P20145,2025-08-04,Color Mismatch,1,1028.43
R90430,O53298,P20089,2025-03-11,Color Mismatch,1,697.75
R90431,O53261,P20111,2025-08-06,Quality Issue,1,628.35
R90432,O54470,P20212,2025-06-06,Size Issue,2,968.28
R90433,O52220,P20099,2025-12-27,Size Issue,1,194.5
R90434,O53339,P20205,2025-12-27,Quality Issue,1,2235.68
R90435,O54266,P20119,2025-11-27,Quality Issue,1,497.65
R90436,O54451,P20239,2025-03-30,Size Issue,1,506.77
R90437,O50222,P20245,2025-02-27,Changed Mind,1,381.86
R90438,O50243,P20207,2025-11-09,Quality Issue,1,247.59
R90439,O52254,P20070,2025-02-06,Quality Issue,1,1793.63
R90440,O50474,P20273,2025-12-07,Quality Issue,1,629.36
R90441,O53012,P20152,2025-06-20,Color Mismatch,1,7573.25
R90442,O51971,P20041,2025-02-15,Size Issue,1,2259.09
R90443,O53819,P20149,2025-01-30,Wrong Product,1,800.47
R90444,O53307,P20190,2025-06-10,Size Issue,1,1084.85
R90445,O51035,P20201,2025-12-05,Color Mismatch,2,242.26
